{
    "rmse": 0.7992643303638647,
    "mae": 0.6519864785661895,
    "r2": 0.022467112379137677
}